"title","totalScore","reviewsCount","street","city","state","countryCode","website","phone","categories/0","categories/1","categories/2","categories/3","categories/4","url","categoryName"
"The Lion Fish Hostel","3.7","182","M64W+H52, Av. 71","Puerto Viejo de Talamanca","Limón","CR",,"+506 2750 2143","Albergue",,,,,"https://www.google.com/maps/search/?api=1&query=The%20Lion%20Fish%20Hostel&query_place_id=ChIJRfWeFg1Qpo8RkXnC6iZ6EcU","Albergue"
"Club Dub Hostel","4.6","16","Playa Cocles contiguo a Cariblue","Puerto Viejo de Talamanca","Limón","CR",,"+506 8549 1662","Albergue",,,,,"https://www.google.com/maps/search/?api=1&query=Club%20Dub%20Hostel&query_place_id=ChIJZQwibwFQpo8R5fLmimrXbsM","Albergue"
"EVIA Life Resort","5","24","M666+CH","Puerto Viejo de Talamanca","Limón","CR","https://www.evialiferesort.com/","+506 8446 8111","Complejo hotelero",,,,,"https://www.google.com/maps/search/?api=1&query=EVIA%20Life%20Resort&query_place_id=ChIJjbZjsNRRpo8RNq5X-cplrfs","Complejo hotelero"
"Casa Wolaba","4.3","96","Entre calle 217 y 219, Avenida 67","Puerto Viejo de Talamanca","Limón","CR","https://www.casawolaba.com/en/","+506 6135 2969","Albergue",,,,,"https://www.google.com/maps/search/?api=1&query=Casa%20Wolaba&query_place_id=ChIJQ-nsxw1Qpo8RKWDYxRFfGq8","Albergue"
"El Clan Hostel","4.6","94","Detrás de Koki Beach Restaurant, Avenida 69 entre calles 217 y 219","Puerto Viejo de Talamanca","Limón","CR","http://www.elclanhostel.com/","+506 6374 1221","Albergue",,,,,"https://www.google.com/maps/search/?api=1&query=El%20Clan%20Hostel&query_place_id=ChIJba3Lv1ZRpo8RUat8oO8TMEg","Albergue"
"Hostal Cecilia","4.1","154","Playa Salsa Brava (Contiguo a Hostel Rocking J's, entrada de Lavanderia La Estrella), Puerto Viejo 70401","Puerto Viejo de Talamanca","Limón","CR",,"+506 2750 0302","Albergue",,,,,"https://www.google.com/maps/search/?api=1&query=Hostal%20Cecilia&query_place_id=ChIJD9nS4g9Qpo8RTt6_1zkorqU","Albergue"
"Agapi Beachfront Hostel Boutique","4.1","77","Limòn, Puerto Viejo","Cocles","Limón","CR","https://www.instagram.com/agapi.pv?igsh=Yjk0ZjgycnY2bWY2&utm_source=qr","+506 8872 7230",,,,,,"https://www.google.com/maps/search/?api=1&query=Agapi%20Beachfront%20Hostel%20Boutique&query_place_id=ChIJE_-IPAVQpo8RlXKFIIqS-Wc",
"Madre Selva Jungle Hostel.","4.2","150","Margarita Rd, Cocles Limon, Talamanca","Puerto Viejo de Talamanca","Limón","CR",,"+506 6436 3810","Albergue",,,,,"https://www.google.com/maps/search/?api=1&query=Madre%20Selva%20Jungle%20Hostel.&query_place_id=ChIJ7c-hGJtFpo8RGAFTQqgTrv4","Albergue"
"Roots Family Hostel","4.4","169","C. 217","Puerto Viejo de Talamanca","Limón","CR","https://www.rootsfamilyhostel.com/es/","+506 6149 1688","Albergue",,,,,"https://www.google.com/maps/search/?api=1&query=Roots%20Family%20Hostel&query_place_id=ChIJvSypog1Qpo8RJHbxrcCYVtA","Albergue"
"Tasty Dayz Hostel","4.2","147","playa Cocles, en frente de la isla","Puerto Viejo de Talamanca","Limón","CR","http://tastydayz.com/","+506 2750 0128","Albergue",,,,,"https://www.google.com/maps/search/?api=1&query=Tasty%20Dayz%20Hostel&query_place_id=ChIJWcA5bgdRpo8RS3zI97QCgXk","Albergue"
"La Ruka Hostel","4.6","358","300 m sur de Salsa Brava, Ruta Nacional Secundaria 256","Puerto Viejo de Talamanca","Limón","CR","http://larukahostel.com/","+506 2750 0617","Albergue","Hotel","Centro de retiro de yoga","Centro de yoga",,"https://www.google.com/maps/search/?api=1&query=La%20Ruka%20Hostel&query_place_id=ChIJ9afB2A9Qpo8RXC13F9VJVsA","Albergue"
"Pagalú Hostel","4.5","371","M64W+26F, Av. 69","Puerto Viejo de Talamanca","Limón","CR","http://www.pagalu.com/","+506 2750 1930","Albergue",,,,,"https://www.google.com/maps/search/?api=1&query=Pagal%C3%BA%20Hostel&query_place_id=ChIJw4rn4wxQpo8RR5bkcebYJuY","Albergue"
"Playa 506 Beachfront Hostel & Ecolodge","4.4","878","North from Rio, 300m","Cocles","Limón","CR","https://playa506.com/","+506 2750 3158","Hotel",,,,,"https://www.google.com/maps/search/?api=1&query=Playa%20506%20Beachfront%20Hostel%20%26%20Ecolodge&query_place_id=ChIJJ_-TtgFQpo8RaKK4UOIf1Mo","Hotel"
"Rocking J's Beach Front Hostel","4","1219","256 70403","Puerto Viejo de Talamanca","Limón","CR","http://www.rockingjs.com/","+506 2750 0665","Albergue",,,,,"https://www.google.com/maps/search/?api=1&query=Rocking%20J's%20Beach%20Front%20Hostel&query_place_id=ChIJofjrHBBQpo8RAcl4Uzz3iSc","Albergue"
"Sonora Jungle & Yoga Retreat","4.7","171","2 km oeste Hotel Banana Azul, Playa negra 1","Puerto Viejo de Talamanca","Limón","CR","https://sonoracostarica.com/","+506 2101 4062","Hotel","Centro de yoga",,,,"https://www.google.com/maps/search/?api=1&query=Sonora%20Jungle%20%26%20Yoga%20Retreat&query_place_id=ChIJzX0Bik5Rpo8RL2-serCh0ro","Hotel"
"Perla Negra Beachfront","3.8","154","Playa Negra, 100m antes de Banana Azul","Puerto Viejo de Talamanca","Limón","CR",,"+506 8621 0247","Bed & Breakfast","Hotel",,,,"https://www.google.com/maps/search/?api=1&query=Perla%20Negra%20Beachfront&query_place_id=ChIJ2-iTDjVRpo8RtxLKSZuwVj0","Bed & Breakfast"
"INARA Puerto Viejo","4.8","38","Hotel One Love, Pan dulce, contiguo a","Puerto Viejo de Talamanca","Limón","CR","https://www.villasinarapuertoviejo.com/es/","+506 8516 9690","Villa","Hotel",,,,"https://www.google.com/maps/search/?api=1&query=INARA%20Puerto%20Viejo&query_place_id=ChIJtwlJ2d5Rpo8RgzdN9GbyWrE","Villa"
"Oso Perezoso pool Villa","4.9","46","Puerto viejo, Playa Negra 200 MO 75 ME 75 MS Limón Playa Negra","Talamanca","Limón","CR",,"+506 8986 6588",,,,,,"https://www.google.com/maps/search/?api=1&query=Oso%20Perezoso%20pool%20Villa&query_place_id=ChIJE8p_aXFRpo8REdorYEZZ1mM",
"Samasati Retreat Center","4.3","86","From the public school in Hone Creek 800 meters towards Carbon 1 street","Hone Creek","Limón","CR","http://www.samasati.com/","+506 8733 7342","Centro de retiro","Centro de meditación","Reserva natural","Centro de retiro de yoga",,"https://www.google.com/maps/search/?api=1&query=Samasati%20Retreat%20Center&query_place_id=ChIJBZidFaRQpo8RSeKJB0w0AyE","Centro de retiro"
"Hotel Isla Inn","3.9","581","M726+QCP In front of Cocles Beach in","Puerto Viejo de Talamanca","Limón","CR","http://www.hotelislainn.com/","+506 2750 0109","Hotel","Bar restaurante",,,,"https://www.google.com/maps/search/?api=1&query=Hotel%20Isla%20Inn&query_place_id=ChIJ7S9AXgFQpo8RnRQ5vNlqAK8","Hotel"
"La Tribu Hostel for Women","4.5","99","25m Este, 100m Sur de Supermercado Diamante, C. de Veronicas place 2","Puerto Viejo de Talamanca","Limón","CR","https://www.latribupv.com/en/","+506 8769 7690",,,,,,"https://www.google.com/maps/search/?api=1&query=La%20Tribu%20Hostel%20for%20Women&query_place_id=ChIJd7vupSFRpo8RwhKjloarw3Y",
"Cariblue Beach and Jungle Resort","4.2","1235","Hotel Cariblue, C. Cariblue","Limon","Limón","CR","https://cariblue.com/","+506 2750 0035","Hotel","Complejo hotelero",,,,"https://www.google.com/maps/search/?api=1&query=Cariblue%20Beach%20and%20Jungle%20Resort&query_place_id=ChIJV8N_OwFQpo8R3IEMEeoMbss","Hotel"
"Cabinas El Shaddai",,,"portón rojo a mano derecha, 200 metros al noroeste de la Ferretería La Unión","Puerto Viejo de Talamanca","Limón","CR",,"+506 8688 6868","Hotel",,,,,"https://www.google.com/maps/search/?api=1&query=Cabinas%20El%20Shaddai&query_place_id=ChIJRcScYCRbpo8RMfvoXqe2Y-Q","Hotel"
"Pura Selva Glamping & Chalet","5","5","C. El Tucán","Cocles","Limón","CR",,"+506 6047 0606","Hotel",,,,,"https://www.google.com/maps/search/?api=1&query=Pura%20Selva%20Glamping%20%26%20Chalet&query_place_id=ChIJ83lGVV5bpo8RTEzhCgMApNE","Hotel"
"Rainforest glamping experience with private plunge pool in jungle garden",,,,"Cocles","Limón","CR",,"","Casa de campo","Vacation rental",,,,"https://www.google.com/maps/search/?api=1&query=Rainforest%20glamping%20experience%20with%20private%20plunge%20pool%20in%20jungle%20garden&query_place_id=ChIJEYj8klJFpo8R2df_Ka7fquw","Casa de campo"
"La Prometida Hotel","5","155","220 Metros de La Perla Negra","Puerto Viejo de Talamanca","Limón","CR","https://www.laprometidahotel.com/","+506 6094 1610","Hotel",,,,,"https://www.google.com/maps/search/?api=1&query=La%20Prometida%20Hotel&query_place_id=ChIJl9LhBTFRpo8RhczW0m4zWJM","Hotel"
"Hotel Banana Azul","4.5","1422","Playa Negra Limón","Puerto Viejo de Talamanca","Limón","CR","https://www.bananaazul.com/","(786) 574-6156","Hotel","Bar","Complejo hotelero","Restaurante","Supermercado","https://www.google.com/maps/search/?api=1&query=Hotel%20Banana%20Azul&query_place_id=ChIJi8kEdxJQpo8RKrm98lYY0C0","Hotel"
"Camping las Canvas","4.9","14","M62H+2JX, C. Ceibo","Talamanca","Limón","CR",,"",,,,,,"https://www.google.com/maps/search/?api=1&query=Camping%20las%20Canvas&query_place_id=ChIJi7ClokdRpo8RlfF1wAhWRWs",
"Colibri Ecolodge - Comfort Cabin, Garden View","5","4",,,,,,"","Cabaña","Vacation rental",,,,"https://www.google.com/maps/search/?api=1&query=Colibri%20Ecolodge%20-%20Comfort%20Cabin%2C%20Garden%20View&query_place_id=ChIJDd2WpgxQpo8R6CBRy5ebaLY","Cabaña"
"Casa Heliconia: authentic rainforest glamping experience in jungle garden",,,,,,,"https://br.bluepillow.com/search/6397513dfc70cceab61c5bb3?dest=bpex&cat=House&lat=9.63681&lng=-82.73284&language=pt","","Cámara","Vacation rental",,,,"https://www.google.com/maps/search/?api=1&query=Casa%20Heliconia%3A%20authentic%20rainforest%20glamping%20experience%20in%20jungle%20garden&query_place_id=ChIJm238klJFpo8RZGa-Z-Y_l0c","Cámara"
"Yucca Beachfront Hotel","4.4","183","Av. 71","Puerto Viejo de Talamanca","Limón","CR","http://www.cabinas-yucca.com/","+506 2750 0285","Hotel",,,,,"https://www.google.com/maps/search/?api=1&query=Yucca%20Beachfront%20Hotel&query_place_id=ChIJHQU3bQ1Qpo8RYwMP1peJ_VQ","Hotel"
"El Tucán Jungle Lodge","4.7","84","J7Q8+X36, C. Margarita","Cocles","Limón","CR",,"+506 2750 0026","Hotel",,,,,"https://www.google.com/maps/search/?api=1&query=El%20Tuc%C3%A1n%20Jungle%20Lodge&query_place_id=ChIJ7Wr3MlNFpo8RPuWAa11KPiM","Hotel"
"5 min walk to town /beach Quaint 4 BR Eco Lodge","5","2",,,,,,"","Cámara","Vacation rental",,,,"https://www.google.com/maps/search/?api=1&query=5%20min%20walk%20to%20town%20%2Fbeach%20Quaint%204%20BR%20Eco%20Lodge&query_place_id=ChIJ_fESpgxQpo8R3Uk6B-9I0h8","Cámara"
"Colibri Ecolodge 3 minutes walk to beach and town",,,,"Puerto Viejo de Talamanca","Limón","CR","https://deals.vio.com/?sig=73aca13c7f952d2641c156f3e69125e1eb497c325f122828ee5aa8797168b9a12d32303331333438363233&turl=https%3A%2F%2Fwww.vio.com%2FHotel%2FSearch%3FhotelId%3D22450127%26utm_source%3Dgha-vr%26utm_campaign%3Dstatic%26openHotelDetails%3D1","","Alquiler de vacaciones","Vacation rental",,,,"https://www.google.com/maps/search/?api=1&query=Colibri%20Ecolodge%203%20minutes%20walk%20to%20beach%20and%20town&query_place_id=ChIJnfkipAxQpo8R1l5urXa67yk","Alquiler de vacaciones"
"Colibri Ecolodge 3 minutes walk to beach and town - Two-Bedroom House with Pool","5","8",,"Puerto Viejo de Talamanca","Limón","CR",,"","Cámara","Vacation rental",,,,"https://www.google.com/maps/search/?api=1&query=Colibri%20Ecolodge%203%20minutes%20walk%20to%20beach%20and%20town%20-%20Two-Bedroom%20House%20with%20Pool&query_place_id=ChIJnfkipAxQpo8REREEbhtfhzE","Cámara"
"Exotic Lodge","3.9","111","300 oeste del super el diamante","Puerto Viejo de Talamanca","Limón","CR",,"+506 6415 6220","Complejo hotelero",,,,,"https://www.google.com/maps/search/?api=1&query=Exotic%20Lodge&query_place_id=ChIJQZJ7Jz1Rpo8RIRXRNjgUyyc","Complejo hotelero"
"OLA Cabinas","4.8","6",,"Puerto Viejo de Talamanca","Limón","CR","https://instagram.com/olacabinas?igshid=Y2IzZGU1MTFhOQ==","+506 8485 6174","Hotel",,,,,"https://www.google.com/maps/search/?api=1&query=OLA%20Cabinas&query_place_id=ChIJB4Q6jupRpo8R9cnNQziMGXY","Hotel"
"Colibri Ecolodge 3 minutes walk to beach and town","5","8",,"Puerto Viejo de Talamanca","Limón","CR",,"","Cámara","Vacation rental",,,,"https://www.google.com/maps/search/?api=1&query=Colibri%20Ecolodge%203%20minutes%20walk%20to%20beach%20and%20town&query_place_id=ChIJY4EipAxQpo8RMRAw-Vb3Rvw","Cámara"
"Cabinas Hukats Secret Jungle","4.2","20","Playa Negra Puerto Viejo de Talamanca, Costa Rica Entrada a Pandulce, 300 Oeste y 200 Sur Calle sin Salida a Cable Talamanca","Puerto Viejo de Talamanca","Limón","CR",,"+506 8419 5481","Hotel",,,,,"https://www.google.com/maps/search/?api=1&query=Cabinas%20Hukats%20Secret%20Jungle&query_place_id=ChIJN72TiXZQpo8ROrW0vaHARDw","Hotel"
"Cabinas Mariana","4.7","18","M753+G2F","Puerto Viejo de Talamanca","Limón","CR",,"+506 2750 0526","Hotel",,,,,"https://www.google.com/maps/search/?api=1&query=Cabinas%20Mariana&query_place_id=ChIJPWBBIxBQpo8RFqHZfId0ok8","Hotel"
"Cabinas El Renuevo","5","1","M53X+V26","Hone Creek","Limón","CR",,"+506 8596 0847",,,,,,"https://www.google.com/maps/search/?api=1&query=Cabinas%20El%20Renuevo&query_place_id=ChIJ5TQKWQBRpo8RcYwzK-3D8nI",
"Colibri Ecolodge","4.8","34","Av. 73","Puerto Viejo de Talamanca","Limón","CR","https://colibriecolodge.org/","(317) 640-0556",,,,,,"https://www.google.com/maps/search/?api=1&query=Colibri%20Ecolodge&query_place_id=ChIJGfa1vchRpo8R-SVEmLFwGwk",
"Hotel Villas y Glampings MyA, Puerto Viejo, Limon, C.R","4.5","256","900 METROS AL SUR DE LA ENTRADA, C. El Tucán","Cocles","Limón","CR","http://www.villasmya.com/","+506 6351 7444","Complejo hotelero",,,,,"https://www.google.com/maps/search/?api=1&query=Hotel%20Villas%20y%20Glampings%20MyA%2C%20Puerto%20Viejo%2C%20Limon%2C%20C.R&query_place_id=ChIJK_atrPNbpo8R-HRzvPXSEUE","Complejo hotelero"
"Colibri Ecolodge 3 minutes walk to beach and town - Four-Bedroom House with Pool","5","8",,"Puerto Viejo de Talamanca","Limón","CR","https://www.freecancellations.com/search/F21xFldQHXIFCFcDWFUAElANXRpiQFJA?lat=9.65302&lng=-82.75537&language=de","","Cámara","Vacation rental",,,,"https://www.google.com/maps/search/?api=1&query=Colibri%20Ecolodge%203%20minutes%20walk%20to%20beach%20and%20town%20-%20Four-Bedroom%20House%20with%20Pool&query_place_id=ChIJnfkipAxQpo8RA1yTBwmo6lw","Cámara"
"Cabinas Blessing - Puerto Viejo","4.5","2","Calle Pamela robinson","Puerto Viejo de Talamanca","Limón","CR",,"+506 7251 6171","Hotel",,,,,"https://www.google.com/maps/search/?api=1&query=Cabinas%20Blessing%20-%20Puerto%20Viejo&query_place_id=ChIJ38P-2YFRpo8R104vzae6sWY","Hotel"
"Cabinas Talamanca, Puerto Viejo","4.1","186","200 mts camino Cocles y 25mts a la derecha, Del Bar Salsa Brava","Puerto Viejo de Talamanca","Limón","CR","http://www.cabinastalamanca.com/","+506 2750 0425","Hotel",,,,,"https://www.google.com/maps/search/?api=1&query=Cabinas%20Talamanca%2C%20Puerto%20Viejo&query_place_id=ChIJl6qq6gxQpo8RBAXZjCg4wxQ","Hotel"
"Umami Hotel","4.6","445","C. 219","Puerto Viejo de Talamanca","Limón","CR","http://www.umamihotel.com/","+506 2750 3200","Hotel",,,,,"https://www.google.com/maps/search/?api=1&query=Umami%20Hotel&query_place_id=ChIJH4I-dA5Qpo8RccTCEqCqoYY","Hotel"
"Cabinas Taho","4.6","31","506","Cahuita","Limón","CR",,"+506 8569 4382","Hotel",,,,,"https://www.google.com/maps/search/?api=1&query=Cabinas%20Taho&query_place_id=ChIJ1W5TUvtRpo8RzRleeOZ8rwU","Hotel"
"Geckoes Lodge","4.7","62","C. Margarita 7304","Puerto Viejo de Talamanca","Limón","CR","http://www.geckoeslodge.com/","+506 8997 0563","Hotel",,,,,"https://www.google.com/maps/search/?api=1&query=Geckoes%20Lodge&query_place_id=ChIJBUytq1JFpo8RPbuXsfmITaE","Hotel"
"Colibri Ecolodge",,,,"Puerto Viejo de Talamanca","Limón","CR","https://www.decolar.com/hoteis/h-6850367","","Chalé","Vacation rental",,,,"https://www.google.com/maps/search/?api=1&query=Colibri%20Ecolodge&query_place_id=ChIJc7qQpgxQpo8RtCojLHjhgmo","Chalé"
"Cabinas Kuákua","4.2","48","primera entrada mano derecha y 75m sur. 150m antes de Almacén San Francisco en Ruta 256, Calle Pamela Robinson","Puerto Viejo de Talamanca","Limón","CR",,"+506 8960 7794","Hotel",,,,,"https://www.google.com/maps/search/?api=1&query=Cabinas%20Ku%C3%A1kua&query_place_id=ChIJN3HMrXJRpo8RpHWDMx-Zs5s","Hotel"
"Cabinas Apse Playa Negra","4.5","119","M64G+RJ6","Puerto Viejo de Talamanca","Limón","CR",,"+506 2750 0374","Alojamiento",,,,,"https://www.google.com/maps/search/?api=1&query=Cabinas%20Apse%20Playa%20Negra&query_place_id=ChIJGb2nl3xQpo8RUDYPxFZCxQ4","Alojamiento"
"Cabinas Lika","4.5","254","M63W+W58","Puerto Viejo de Talamanca","Limón","CR",,"+506 8348 2777","Hotel",,,,,"https://www.google.com/maps/search/?api=1&query=Cabinas%20Lika&query_place_id=ChIJtydi5gxQpo8RUd7pS590bg8","Hotel"
"Villas Jawa - Cabinas - Double Room with Private Bathroom",,,,"Talamanca","Limón","CR","https://br.bluepillow.com/search/65ca0d5b671b07d23c6bcc0e?dest=bkng&cat=House&lat=9.64711&lng=-82.79555&language=pt","","Cámara","Vacation rental",,,,"https://www.google.com/maps/search/?api=1&query=Villas%20Jawa%20-%20Cabinas%20-%20Double%20Room%20with%20Private%20Bathroom&query_place_id=ChIJ1QRWknVapo8RGuDSe2L8xsM","Cámara"
"Cabinas Bambu","4.4","41","Playa Negra","Puerto Viejo de Talamanca","Limón","CR","https://www.facebook.com/cabinasbambu?mibextid=ZbWKwL","+506 8832 2639","Hotel","Casa de vacaciones para no fumadores",,,,"https://www.google.com/maps/search/?api=1&query=Cabinas%20Bambu&query_place_id=ChIJcY1t8RdRpo8RoHHVx8Z7kvE","Hotel"
"Cabinas Relax Puerto Viejo","5","7","C. Patiño","Puerto Viejo de Talamanca","Limón","CR",,"+506 6289 3483",,,,,,"https://www.google.com/maps/search/?api=1&query=Cabinas%20Relax%20Puerto%20Viejo&query_place_id=ChIJX_J0-0lbpo8RUySfvnlh9C0",
"Cabinas Casa Dolce Vita","4.6","157","Final de avenida 69, detrás de bar y restaurante Nema limón","Puerto Viejo de Talamanca","Limón","CR","http://hoteldetail.eu/cabinas-casa-dolce-vita","+506 6367 0281","Hotel",,,,,"https://www.google.com/maps/search/?api=1&query=Cabinas%20Casa%20Dolce%20Vita&query_place_id=ChIJLXa9BxJQpo8RyrobO8bFyxE","Hotel"
"Cabinas Hukats Secret Jungle - Family Room - Disability Access","5","8",,"Puerto Viejo de Talamanca","Limón","CR","https://www.freecancellations.com/search/F24jFwNUG3RQX1AHXA4ATQ8NVx03Q11C?lat=9.65013&lng=-82.76264&language=de","","Departamento","Vacation rental",,,,"https://www.google.com/maps/search/?api=1&query=Cabinas%20Hukats%20Secret%20Jungle%20-%20Family%20Room%20-%20Disability%20Access&query_place_id=ChIJ3zWSiXZQpo8RqNbYWeo4kww","Departamento"
"Aiyana Lodge Puerto Viejo","4","75","M743+FH9","Puerto Viejo de Talamanca","Limón","CR",,"+506 2750 0436","Hotel","Alojamiento en interiores",,,,"https://www.google.com/maps/search/?api=1&query=Aiyana%20Lodge%20Puerto%20Viejo&query_place_id=ChIJx6ji5Q9Qpo8RLJhwxIoVqnc","Hotel"
"Sibo House","4.9","21","Playa negra, Calle Casa amma","Puerto Viejo de Talamanca","Limón","CR",,"+506 8966 9871","Hotel",,,,,"https://www.google.com/maps/search/?api=1&query=Sibo%20House&query_place_id=ChIJiYZsZQlRpo8RGqTOHnKEvPE","Hotel"
"Cabinas KiaMimi","4.8","32","Unnamed Road","Puerto Viejo de Talamanca","Limón","CR",,"+506 8609 2424","Hotel","Albergue",,,,"https://www.google.com/maps/search/?api=1&query=Cabinas%20KiaMimi&query_place_id=ChIJ6y-U3vVRpo8R4gZF_YhUqxc","Hotel"
"Apartamentos Baconao 2 habitaciones - Two-Bedroom Apartment","4.4","8",,,,,"https://br.bluepillow.com/search/68e3db88f93025efada97879?dest=nuit&cat=Apartment&lat=9.65115&lng=-82.76638&language=pt","","Departamento","Vacation rental",,,,"https://www.google.com/maps/search/?api=1&query=Apartamentos%20Baconao%202%20habitaciones%20-%20Two-Bedroom%20Apartment&query_place_id=ChIJnzb8lnBQpo8R2jcmZI6l0ng","Departamento"
"Blossom PARADISE.","5","11","M63M+JVW, playa negra primera entrada a la par del supermcado black beach, porton cafe.","Puerto Viejo de Talamanca","Limón","CR",,"+506 8438 1065","Posada",,,,,"https://www.google.com/maps/search/?api=1&query=Blossom%20PARADISE.&query_place_id=ChIJgapIwnBQpo8RTCUSvYDQt50","Posada"
"Posada Nena Caribe, Puerto Viejo de Talamanca - Deluxe Double Room with Balcony","5","8",,"Puerto Viejo de Talamanca","Limón","CR","https://br.bluepillow.com/search/5a84f9fd7c00cb0e04282089?dest=bkng&cat=&lat=9.65662&lng=-82.75166&language=pt","","Cámara","Vacation rental",,,,"https://www.google.com/maps/search/?api=1&query=Posada%20Nena%20Caribe%2C%20Puerto%20Viejo%20de%20Talamanca%20-%20Deluxe%20Double%20Room%20with%20Balcony&query_place_id=ChIJfd3qwg1Qpo8RrAwDMNDlWqI","Cámara"
"B&B Casa Luce Puerto Viejo","4.7","43","M63H+X4","Puerto Viejo de Talamanca","Limón","CR",,"+506 8953 6016","Bed & Breakfast",,,,,"https://www.google.com/maps/search/?api=1&query=B%26B%20Casa%20Luce%20Puerto%20Viejo&query_place_id=ChIJ_8agO65Rpo8R8pP3YtiPcPI","Bed & Breakfast"
"La Magia Bungalows De Luxe","4.5","37","J7Q8+C5M","Puerto Viejo de Talamanca","Limón","CR","http://lamagiabungalows.com/","+506 2750 3122","Hotel",,,,,"https://www.google.com/maps/search/?api=1&query=La%20Magia%20Bungalows%20De%20Luxe&query_place_id=ChIJ1yDbMlNFpo8RwAAWSccPBnI","Hotel"
"Cabinas Popular","4","107","Street 217","Puerto Viejo de Talamanca","Limón","CR","http://www.cabinaspopular.com/","+506 2750 0087","Hotel",,,,,"https://www.google.com/maps/search/?api=1&query=Cabinas%20Popular&query_place_id=ChIJd-Rd2w1Qpo8Rvn3OBGmyiQ0","Hotel"
"Azania Bungalows","4.5","272",,"Puerto Viejo de Talamanca","Limón","CR","http://www.azania-costarica.com/","+506 2750 0540","Hotel",,,,,"https://www.google.com/maps/search/?api=1&query=Azania%20Bungalows&query_place_id=ChIJxb9uBQFQpo8RcKM2vCq30xE","Hotel"
"Namu Garden Hotel & Spa","4.5","192","y, Avenida 67","Puerto Viejo de Talamanca","Limón","CR","http://www.namuhotelpuertoviejo.com/","+506 8978 1035","Hotel","Restaurante",,,,"https://www.google.com/maps/search/?api=1&query=Namu%20Garden%20Hotel%20%26%20Spa&query_place_id=ChIJCaPa4StRpo8RAHqhqAkswvs","Hotel"
"SUNSHINE CARIBE","4.6","70","M62R+XR6","Puerto Viejo de Talamanca","Limón","CR",,"+506 2750 0401","Hotel",,,,,"https://www.google.com/maps/search/?api=1&query=SUNSHINE%20CARIBE&query_place_id=ChIJ8YqgnnRQpo8RL9QzLLgM7Rs","Hotel"
"Apartamentos Baconao 2 habitaciones - Two-Bedroom Apartment","4.4","8",,,,,"https://www.freecancellations.com/search/F2cjQQEHFnsHV1BVXlkEEggLDxdmTVJL?lat=9.65115&lng=-82.76638&language=de","","Departamento","Vacation rental",,,,"https://www.google.com/maps/search/?api=1&query=Apartamentos%20Baconao%202%20habitaciones%20-%20Two-Bedroom%20Apartment&query_place_id=ChIJ2WOraHdQpo8R-RIMDY-k3ZM","Departamento"
"Hotel Puerto Viejo","4","430","M65X+64Q, Calle 73, 256","Puerto Viejo de Talamanca","Limón","CR",,"+506 6104 9477","Hotel","Albergue",,,,"https://www.google.com/maps/search/?api=1&query=Hotel%20Puerto%20Viejo&query_place_id=ChIJLVdsnA1Qpo8RUOeR-YdOqwE","Hotel"
"Hotel Tropical, Puerto Viejo, Caribe Sur","4.4","157","Avenida 67","Puerto Viejo de Talamanca","Limón","CR","https://www.rolfblancke.com/","+506 2750 2064","Hotel",,,,,"https://www.google.com/maps/search/?api=1&query=Hotel%20Tropical%2C%20Puerto%20Viejo%2C%20Caribe%20Sur&query_place_id=ChIJv1GVwg1Qpo8ReTN1s775mG4","Hotel"
"Saranda Hotel Boutique","4.7","140",,"Puerto Viejo de Talamanca","Limón","CR","https://sarandaboutiquehotel.com/index-es.html","+506 8347 9333","Hotel",,,,,"https://www.google.com/maps/search/?api=1&query=Saranda%20Hotel%20Boutique&query_place_id=ChIJo93QjkdRpo8R5T6rUWS--Gg","Hotel"
"Las Casitas de Playa Negra","4","243","M62R+QR3","Puerto Viejo de Talamanca","Limón","CR","http://hoteldetail.eu/las-casitas-de-playa-negra","+506 2756 8385","Hotel",,,,,"https://www.google.com/maps/search/?api=1&query=Las%20Casitas%20de%20Playa%20Negra&query_place_id=ChIJvzYyl3RQpo8ROE6saz-TlXg","Hotel"
"Bungalow Batsu - Apartment with Terrace","5","1",,"Talamanca","Limón","CR","https://br.bluepillow.com/search/627d24e6df4f49af9b3419af?dest=bkng&cat=Apartment&lat=9.65675&lng=-82.77598&language=pt","","Departamento","Vacation rental",,,,"https://www.google.com/maps/search/?api=1&query=Bungalow%20Batsu%20-%20Apartment%20with%20Terrace&query_place_id=ChIJ5cfkEH1Qpo8RVjBwDFND3jc","Departamento"
"Villas Pina","4.9","206","300 mts Oeste y 120 mts Sur del Hotel Banana Azul","Puerto Viejo de Talamanca","Limón","CR","http://www.villaspina.net/","+506 2750 3176","Hotel",,,,,"https://www.google.com/maps/search/?api=1&query=Villas%20Pina&query_place_id=ChIJt4VuRUNRpo8Rgik4NYhmnh4","Hotel"
"Villas Roca del Caribe - Bungalow with Patio",,,,"Talamanca","Limón","CR","https://br.bluepillow.com/search/681182156178c7268f2a1192/1195232705?dest=bkng&cat=Villa&lat=9.65611&lng=-82.77822&language=pt","","Casa de recreo","Vacation rental",,,,"https://www.google.com/maps/search/?api=1&query=Villas%20Roca%20del%20Caribe%20-%20Bungalow%20with%20Patio&query_place_id=ChIJfzjag4dQpo8RNh9j8Ki-JsQ","Casa de recreo"
"Hermoso bungalow frente a la playa con impresionantes vistas al mar y a la playa","4.6621356","103",,"Cocles","Limón","CR",,"","Cabaña","Vacation rental",,,,"https://www.google.com/maps/search/?api=1&query=Hermoso%20bungalow%20frente%20a%20la%20playa%20con%20impresionantes%20vistas%20al%20mar%20y%20a%20la%20playa&query_place_id=ChIJmzyViFVFpo8R3TydjqNIDFA","Cabaña"
"Jungle beach bungalow","5","2","C. Azania","Puerto Viejo de Talamanca","Limón","CR",,"+506 8396 3247","Agencia de alquiler de alojamientos para vacaciones",,,,,"https://www.google.com/maps/search/?api=1&query=Jungle%20beach%20bungalow&query_place_id=ChIJb0W5WwBRpo8R5lq0X40Ei3Y","Agencia de alquiler de alojamientos para vacaciones"
"Hotel Escape Caribeño","4.5","314","150mts después de la Veterinaria Arroyo Solano, Carretera Principal hacia Cocles","Puerto Viejo de Talamanca","Limón","CR","http://www.escapecaribeno.com/","+506 8598 8480","Hotel",,,,,"https://www.google.com/maps/search/?api=1&query=Hotel%20Escape%20Caribe%C3%B1o&query_place_id=ChIJdXU91g9Qpo8RV5TsWqCEwZo","Hotel"
"Iguana Lodge","3.7","6","M64F+H99","Puerto Viejo de Talamanca","Limón","CR",,"+506 6353 5394","Hotel",,,,,"https://www.google.com/maps/search/?api=1&query=Iguana%20Lodge&query_place_id=ChIJ6VsVYABRpo8RyA1bMYRPuHU","Hotel"
